Gene,Importancia
TGFB1,0.1889223122062921
TNF,0.14747533097149887
IFNG,0.12396986473869334
CD4,0.11788359459421979
IL10,0.11174565621605205
IL6,0.09543668482055652
STAT1,0.06107066440592999
TLR4,0.05195227858267918
JAK2,0.05087637621896096
VEGFA,0.05066723724511726
